Will,Smith,8-Feb-12,g512tx,lr@gmail.com,event,7-17-2024
Lucas,Brown,27-Jul-15,g411dw,mp@gmail.com,event,8-33-35-51
Steph,Kianou,27-Jul-18,g11dq,dr@gmail.com,online,9-34-44-64
Martha,Brincy,11-Feb-17,g512tx,lt@gmail.com,event,
Matthias,Buchan,3-Dec-12,g11hd,mb@gmail.com,event,11-46
Loris,Tiopen,2-Jul-17,fk82ql,lortio@gmail.com,event,
Michael,Smith,8-Feb-08,g512tx,lr@gmail.com,recommendation,1-17-2024
Logan,Brown,27-Jul-07,g411dw,mp@gmail.com,event,2-33-35-51
Carther,Kianou,27-Jul-08,g11dq,dr@gmail.com,online,3-34-44-64
Avery,Broncy,11-Feb-04,g466py,lt@gmail.com,event,
Jayden,Buchan,3-Dec-05,g11hd,mb@gmail.com,event,
Madison,Tiopen,2-Jul-02,g11hd,lortio@gmail.com,event,
Rian,Hospen,9-Mar-03,fk82ql,emhoo@gmail.com,event,
Riley,Fernaz,7-Oct-01,g13bs,olfe@gmail.com,online,
Julian,Bridge,27-Mar-06,g411dw,mabr@gmail.com,online,
Hunter,Brown,28-Jun-02,g512tx,libro@gmail.com,online,
Will,Smith,8-Feb-92,g512tx,lr@gmail.com,recommendation,1-7-2024
Abigail,Brown,27-Jul-92,g411dw,mp@gmail.com,event,
Aurora,Kianou,27-Jul-91,g58dz,dr@gmail.com,online,
Marco,Brincy,11-Feb-93,g466py,lt@gmail.com,event,21
Amy,Buchan,3-Dec-94,fk82et,mb@gmail.com,event,20
Alina,Tiopen,2-Jul-95,fk82ql,lortio@gmail.com,event,
Angela,Hospen,9-Mar-98,g11hd,emhoo@gmail.com,event,
Caleb,Smith,8-Feb-82,g512tx,lr@gmail.com,recommendation,1-7-2017
Carlos,Brern,27-Jul-82,g411dw,mp@gmail.com,event,
Steph,Kianou,27-Jul-81,g58dz,dr@gmail.com,online,
Martha,Brugats,11-Feb-86,g466py,lt@gmail.com,event,
Matthias,Butcher,3-Dec-84,fk82et,mb@gmail.com,event,
Cayden,Rossi,2-Jul-86,fk82ql,lortio@gmail.com,event,41
Emily,Hospen,9-Mar-85,fk82ql,emhoo@gmail.com,event,
Ola,Flopec,7-Oct-82,g466py,olfe@gmail.com,online,
Calvin,Smmoth,8-Feb-72,g512tx,lr@gmail.com,event,
Colin,Brown,27-Jul-72,g411dw,mp@gmail.com,recommendation,2-8-35-51
Alisia,Kianou,27-Jul-71,g11dq,dr@gmail.com,online,3-9-44-64
Aria,Brown,11-Feb-78,g466py,lt@gmail.com,event,2-8-33-51
Matthias,Buchan,3-Dec-74,fk82et,mb@gmail.com,event,
Corbin,White,2-Jul-76,g11hd,lortio@gmail.com,event,
Lucas,Hospen,9-Mar-75,fk82ql,emhoo@gmail.com,event,
Jeronimo,Fernaz,7-Oct-72,g466py,olfe@gmail.com,online,
Mark,Bridge,27-Mar-73,g411dw,mabr@gmail.com,online,60
Lucia,Rossi,28-Jun-73,g512tx,libro@gmail.com,online,29
Will,Kuitr,8-Feb-62,g512tx,lr@gmail.com,recommendation,
Lucas,Brown,27-Jul-62,g411dw,mp@gmail.com,event,
Steph,Kianou,27-Jul-61,g58dz,dr@gmail.com,online,
Martha,Brincy,11-Feb-68,g11hd,lt@gmail.com,event,
Matthias,Buchan,3-Dec-64,fk82et,mb@gmail.com,event,56-54
Loris,Tiopen,2-Jul-66,fk82ql,lortio@gmail.com,event,49
Emily,Hospen,9-Mar-65,fk82ql,emhoo@gmail.com,event,
Ola,Fernaz,7-Oct-62,g466py,olfe@gmail.com,online,47
Paolo,Cantuc,8-Feb-52,g512tx,lr@gmail.com,recommendation,
Pete,Brown,27-Jul-52,g13bs,mp@gmail.com,recommendation,2-8-33-35-51
Pace,Kianou,27-Jul-50,g58dz,dr@gmail.com,online,
Pierre,Brincy,11-Feb-58,g13bs,lt@gmail.com,event,
Patricio,Buchan,3-Dec-54,fk82et,mb@gmail.com,event,56-46
Simona,Chiurci,2-Jul-56,g11hd,lortio@gmail.com,event,
Matthias,Buchan,3-Dec-44,fk82et,mb@gmail.com,event,54-46
Brotto,Frasco,2-Jul-46,fk82ql,lortio@gmail.com,event,
Kiaot,Kurbi,9-Mar-45,fk82ql,emhoo@gmail.com,event,
Ale, Fioc,7-Oct-42,g466py,olfe@gmail.com,online,
Mark,Bridge,27-Mar-43,g411dw,mabr@gmail.com,online,40
Brisa,Matri,28-Jun-43,g512tx,libro@gmail.com,online,
Wonka,Barunt,8-Feb-1932,g512tx,lr@gmail.com,recommendation,
Umpa,Brown,27-Jul-1932,g411dw,mp@gmail.com,recommendation,3-9-44-34
Steph,Kianou,27-Jul-1930,g58dz,dr@gmail.com,online,
Lumper,Cassion,11-Feb-1938,g13bs,lt@gmail.com,event,
Candel,Abrro,3-Dec-1934,fk82et,mb@gmail.com,event,67
Divan,Sedii,2-Jul-1936,fk82ql,lortio@gmail.com,event,66
Softe,Gurda,3-Jul-1936,g58dz,lortio@gmail.com,event,
Iaca,Tume,4-Jul-1936,g13bs,lortio@gmail.com,online,
Ramon,Gurda,3-Jul-1946,g58dz,lortio@gmail.com,event,
Yosep,Tume,4-Jul-1943,g13bs,lortio@gmail.com,recommendation,
Kirpy,Wont,8-Feb-82,g512tx,lr@gmail.com,recommendation,
Chaos,Bern,27-Jul-82,g411dw,mp@gmail.com,event,
Stopen,Kiaasou,27-Jul-81,g58dz,dr@gmail.com,online,
Marera,Bruasats,11-Feb-86,g466py,lt@gmail.com,event,
Matas,Bher,3-Dec-84,fk82et,mb@gmail.com,event,
Cener,Entola,2-Jul-86,fk82ql,lortio@gmail.com,event,
Ruben,Ati,9-Mar-85,fk82ql,emhoo@gmail.com,event,
Baratto,Lino,7-Oct-82,g466py,olfe@gmail.com,event,
Paoyo,Catyuc,8-Feb-52,g512tx,lr@gmail.com,recommendation,
Petre,Bwn,27-Jul-52,g13bs,mp@gmail.com,recommendation,
Pawce,Kiou,27-Jul-50,g58dz,dr@gmail.com,online,
Piett,Bocy,21-Feb-58,g13bs,lt@gmail.com,event,
Paio,Bern,4-Dec-54,fk82et,mb@gmail.com,event,
Simario,Chiri,3-Jul-56,g11hd,lortio@gmail.com,event,